NomeProduto,Ofertas,Avaliações,Preço,URL
MEU CACHO MEU CRUSH CREME PENTEAR 500 ML,830 avaliações de clientes,Comparar outras 13 ofertas a partir de,"39,99",https://www.amazon.com.br/MEU-CACHO-CRUSH-CREME-PENTEAR/dp/B0BYBFXFKH/ref=sr_1_1?dib=eyJ2IjoiMSJ9.CupX6FiKlN0SSZ7kHpw1qoP5GtEbIwl8sK-26oBJHzlM4IRI7vqIdpB3A4KaMKNYpk6Vt7HF1q2-D4mEw-v3taF_EIrKVZQJgcGRMj-kpT2YLSM6BIDNeblVpoYygMBYpOars-L0dATJm7Pn_q82hInlYSGL73WIku-8punQ8jm9tUmKwcsUowyUeE4WqbHMqecVTnfsqD7O9vjxsHwgfBa9iypEUMwDxnvkjq-gPWg.QIM17dm4JsFKDuVAux49VUuI6spIrWQMyjblmBzCgZ0&dib_tag=se&m=A9CE3IN6HXXI1&marketplaceID=A2Q3Y263D00KWC&qid=1722314075&s=merchant-items&sr=1-1
Shampoo Siàge Cauterização dos Fios 250ml,1 classificação,Comparar outras 52 ofertas a partir de,"42,90",https://www.amazon.com.br/Shampoo-Si%C3%A0ge-Cauteriza%C3%A7%C3%A3o-Fios-250ml/dp/B0CGMLTZXR/ref=sr_1_2?dib=eyJ2IjoiMSJ9.CupX6FiKlN0SSZ7kHpw1qoP5GtEbIwl8sK-26oBJHzlM4IRI7vqIdpB3A4KaMKNYpk6Vt7HF1q2-D4mEw-v3taF_EIrKVZQJgcGRMj-kpT2YLSM6BIDNeblVpoYygMBYpOars-L0dATJm7Pn_q82hInlYSGL73WIku-8punQ8jm9tUmKwcsUowyUeE4WqbHMqecVTnfsqD7O9vjxsHwgfBa9iypEUMwDxnvkjq-gPWg.QIM17dm4JsFKDuVAux49VUuI6spIrWQMyjblmBzCgZ0&dib_tag=se&m=A9CE3IN6HXXI1&marketplaceID=A2Q3Y263D00KWC&qid=1722314075&s=merchant-items&sr=1-2
Eudora Siàge Hair-Plastia Máscara Capilar 250g,1.309 avaliações de clientes,Comparar outras 86 ofertas a partir de,"69,90",https://www.amazon.com.br/Si%C3%A0ge-M%C3%A1scara-Capilar-Hair-Plastia-250G/dp/B09HW92VTZ/ref=sr_1_3?dib=eyJ2IjoiMSJ9.CupX6FiKlN0SSZ7kHpw1qoP5GtEbIwl8sK-26oBJHzlM4IRI7vqIdpB3A4KaMKNYpk6Vt7HF1q2-D4mEw-v3taF_EIrKVZQJgcGRMj-kpT2YLSM6BIDNeblVpoYygMBYpOars-L0dATJm7Pn_q82hInlYSGL73WIku-8punQ8jm9tUmKwcsUowyUeE4WqbHMqecVTnfsqD7O9vjxsHwgfBa9iypEUMwDxnvkjq-gPWg.QIM17dm4JsFKDuVAux49VUuI6spIrWQMyjblmBzCgZ0&dib_tag=se&m=A9CE3IN6HXXI1&marketplaceID=A2Q3Y263D00KWC&qid=1722314075&s=merchant-items&sr=1-3
MEU CACHO MEU CRUSH SH 500 ML,199 avaliações de clientes,Comparar outras 12 ofertas a partir de,"42,50",https://www.amazon.com.br/MEU-CACHO-CRUSH-SH-500/dp/B0BYBBDK9S/ref=sr_1_4?dib=eyJ2IjoiMSJ9.CupX6FiKlN0SSZ7kHpw1qoP5GtEbIwl8sK-26oBJHzlM4IRI7vqIdpB3A4KaMKNYpk6Vt7HF1q2-D4mEw-v3taF_EIrKVZQJgcGRMj-kpT2YLSM6BIDNeblVpoYygMBYpOars-L0dATJm7Pn_q82hInlYSGL73WIku-8punQ8jm9tUmKwcsUowyUeE4WqbHMqecVTnfsqD7O9vjxsHwgfBa9iypEUMwDxnvkjq-gPWg.QIM17dm4JsFKDuVAux49VUuI6spIrWQMyjblmBzCgZ0&dib_tag=se&m=A9CE3IN6HXXI1&marketplaceID=A2Q3Y263D00KWC&qid=1722314075&s=merchant-items&sr=1-4
,,,",",https://www.amazon.com.br/Colora%C3%A7%C3%A3o-Louro-Acobreado-Dourado-Amend/dp/B0BBZSZ787/ref=sr_1_5?dib=eyJ2IjoiMSJ9.CupX6FiKlN0SSZ7kHpw1qoP5GtEbIwl8sK-26oBJHzlM4IRI7vqIdpB3A4KaMKNYpk6Vt7HF1q2-D4mEw-v3taF_EIrKVZQJgcGRMj-kpT2YLSM6BIDNeblVpoYygMBYpOars-L0dATJm7Pn_q82hInlYSGL73WIku-8punQ8jm9tUmKwcsUowyUeE4WqbHMqecVTnfsqD7O9vjxsHwgfBa9iypEUMwDxnvkjq-gPWg.QIM17dm4JsFKDuVAux49VUuI6spIrWQMyjblmBzCgZ0&dib_tag=se&m=A9CE3IN6HXXI1&marketplaceID=A2Q3Y263D00KWC&qid=1722314075&s=merchant-items&sr=1-5
Fluído Antiumidade Amend Blindagem Essencial 180ml,72 avaliações de clientes,Comparar outras 10 ofertas a partir de,"89,90",https://www.amazon.com.br/Flu%C3%ADdo-Antiumidade-Amend-Blindagem-Essencial/dp/B0CNS1GXXG/ref=sr_1_6?dib=eyJ2IjoiMSJ9.CupX6FiKlN0SSZ7kHpw1qoP5GtEbIwl8sK-26oBJHzlM4IRI7vqIdpB3A4KaMKNYpk6Vt7HF1q2-D4mEw-v3taF_EIrKVZQJgcGRMj-kpT2YLSM6BIDNeblVpoYygMBYpOars-L0dATJm7Pn_q82hInlYSGL73WIku-8punQ8jm9tUmKwcsUowyUeE4WqbHMqecVTnfsqD7O9vjxsHwgfBa9iypEUMwDxnvkjq-gPWg.QIM17dm4JsFKDuVAux49VUuI6spIrWQMyjblmBzCgZ0&dib_tag=se&m=A9CE3IN6HXXI1&marketplaceID=A2Q3Y263D00KWC&qid=1722314075&s=merchant-items&sr=1-6
MEU CACHO MEU CRUSH COND 500 ML,156 avaliações de clientes,Comparar outras 12 ofertas a partir de,"42,50",https://www.amazon.com.br/MEU-CACHO-CRUSH-COND-500/dp/B0BYB9FCWC/ref=sr_1_7?dib=eyJ2IjoiMSJ9.CupX6FiKlN0SSZ7kHpw1qoP5GtEbIwl8sK-26oBJHzlM4IRI7vqIdpB3A4KaMKNYpk6Vt7HF1q2-D4mEw-v3taF_EIrKVZQJgcGRMj-kpT2YLSM6BIDNeblVpoYygMBYpOars-L0dATJm7Pn_q82hInlYSGL73WIku-8punQ8jm9tUmKwcsUowyUeE4WqbHMqecVTnfsqD7O9vjxsHwgfBa9iypEUMwDxnvkjq-gPWg.QIM17dm4JsFKDuVAux49VUuI6spIrWQMyjblmBzCgZ0&dib_tag=se&m=A9CE3IN6HXXI1&marketplaceID=A2Q3Y263D00KWC&qid=1722314075&s=merchant-items&sr=1-7
Eudora Siàge Glow Expert Leave in Balm Disciplinante 100ml,92 avaliações de clientes,Comparar outras 44 ofertas a partir de,"54,90",https://www.amazon.com.br/Eudora-Si%C3%A0ge-Expert-Leave-Disciplinante/dp/B0BTMT15LL/ref=sr_1_8?dib=eyJ2IjoiMSJ9.CupX6FiKlN0SSZ7kHpw1qoP5GtEbIwl8sK-26oBJHzlM4IRI7vqIdpB3A4KaMKNYpk6Vt7HF1q2-D4mEw-v3taF_EIrKVZQJgcGRMj-kpT2YLSM6BIDNeblVpoYygMBYpOars-L0dATJm7Pn_q82hInlYSGL73WIku-8punQ8jm9tUmKwcsUowyUeE4WqbHMqecVTnfsqD7O9vjxsHwgfBa9iypEUMwDxnvkjq-gPWg.QIM17dm4JsFKDuVAux49VUuI6spIrWQMyjblmBzCgZ0&dib_tag=se&m=A9CE3IN6HXXI1&marketplaceID=A2Q3Y263D00KWC&qid=1722314075&s=merchant-items&sr=1-8
Eudora Imensi Infinite Desodorante Colônia 100ml,1 classificação,Comparar outras 18 ofertas a partir de,"112,49",https://www.amazon.com.br/Eudora-Imensi-Infinite-Desodorante-Col%C3%B4nia/dp/B0D47YQHK9/ref=sr_1_9?dib=eyJ2IjoiMSJ9.CupX6FiKlN0SSZ7kHpw1qoP5GtEbIwl8sK-26oBJHzlM4IRI7vqIdpB3A4KaMKNYpk6Vt7HF1q2-D4mEw-v3taF_EIrKVZQJgcGRMj-kpT2YLSM6BIDNeblVpoYygMBYpOars-L0dATJm7Pn_q82hInlYSGL73WIku-8punQ8jm9tUmKwcsUowyUeE4WqbHMqecVTnfsqD7O9vjxsHwgfBa9iypEUMwDxnvkjq-gPWg.QIM17dm4JsFKDuVAux49VUuI6spIrWQMyjblmBzCgZ0&dib_tag=se&m=A9CE3IN6HXXI1&marketplaceID=A2Q3Y263D00KWC&qid=1722314075&s=merchant-items&sr=1-9&ufe=app_do%3Aamzn1.fos.a492fd4a-f54d-4e8d-8c31-35e0a04ce61e
Eudora Siàge Men Hidratação Intensa Condicionador 200ml,9 avaliações de clientes,Comparar outras 22 ofertas a partir de,"36,98",https://www.amazon.com.br/Eudora-Si%C3%A0ge-Hidrata%C3%A7%C3%A3o-Intensa-Condicionador/dp/B0CF2RD9X1/ref=sr_1_10?dib=eyJ2IjoiMSJ9.CupX6FiKlN0SSZ7kHpw1qoP5GtEbIwl8sK-26oBJHzlM4IRI7vqIdpB3A4KaMKNYpk6Vt7HF1q2-D4mEw-v3taF_EIrKVZQJgcGRMj-kpT2YLSM6BIDNeblVpoYygMBYpOars-L0dATJm7Pn_q82hInlYSGL73WIku-8punQ8jm9tUmKwcsUowyUeE4WqbHMqecVTnfsqD7O9vjxsHwgfBa9iypEUMwDxnvkjq-gPWg.QIM17dm4JsFKDuVAux49VUuI6spIrWQMyjblmBzCgZ0&dib_tag=se&m=A9CE3IN6HXXI1&marketplaceID=A2Q3Y263D00KWC&qid=1722314075&s=merchant-items&sr=1-10
INOAR GELATINA MEU CACHO 500 GR,524 avaliações de clientes,Comparar outras 9 ofertas a partir de,"38,90",https://www.amazon.com.br/INOAR-GELATINA-MEU-CACHO-500/dp/B0BGMHY32V/ref=sr_1_11?dib=eyJ2IjoiMSJ9.CupX6FiKlN0SSZ7kHpw1qoP5GtEbIwl8sK-26oBJHzlM4IRI7vqIdpB3A4KaMKNYpk6Vt7HF1q2-D4mEw-v3taF_EIrKVZQJgcGRMj-kpT2YLSM6BIDNeblVpoYygMBYpOars-L0dATJm7Pn_q82hInlYSGL73WIku-8punQ8jm9tUmKwcsUowyUeE4WqbHMqecVTnfsqD7O9vjxsHwgfBa9iypEUMwDxnvkjq-gPWg.QIM17dm4JsFKDuVAux49VUuI6spIrWQMyjblmBzCgZ0&dib_tag=se&m=A9CE3IN6HXXI1&marketplaceID=A2Q3Y263D00KWC&qid=1722314075&s=merchant-items&sr=1-11
Eudora Siàge Resgate Imediato Máscara Balm Preenchedora 250g,1 classificação,Comparar outras 15 ofertas a partir de,"68,73",https://www.amazon.com.br/Eudora-Resgate-Imediato-M%C3%A1scara-Preenchedora/dp/B0D47Z1B2Z/ref=sr_1_12?dib=eyJ2IjoiMSJ9.CupX6FiKlN0SSZ7kHpw1qoP5GtEbIwl8sK-26oBJHzlM4IRI7vqIdpB3A4KaMKNYpk6Vt7HF1q2-D4mEw-v3taF_EIrKVZQJgcGRMj-kpT2YLSM6BIDNeblVpoYygMBYpOars-L0dATJm7Pn_q82hInlYSGL73WIku-8punQ8jm9tUmKwcsUowyUeE4WqbHMqecVTnfsqD7O9vjxsHwgfBa9iypEUMwDxnvkjq-gPWg.QIM17dm4JsFKDuVAux49VUuI6spIrWQMyjblmBzCgZ0&dib_tag=se&m=A9CE3IN6HXXI1&marketplaceID=A2Q3Y263D00KWC&qid=1722314075&s=merchant-items&sr=1-12
Eudora Siàge Hidratação Micelar Máscara Capilar 250g,609 avaliações de clientes,Comparar outras 42 ofertas a partir de,"69,90",https://www.amazon.com.br/M%C3%A1scara-Capilar-Si%C3%A0ge-Hidrata%C3%A7%C3%A3o-Micelar/dp/B0B2KQMTQ3/ref=sr_1_15?dib=eyJ2IjoiMSJ9.CupX6FiKlN0SSZ7kHpw1qoP5GtEbIwl8sK-26oBJHzlM4IRI7vqIdpB3A4KaMKNYpk6Vt7HF1q2-D4mEw-v3taF_EIrKVZQJgcGRMj-kpT2YLSM6BIDNeblVpoYygMBYpOars-L0dATJm7Pn_q82hInlYSGL73WIku-8punQ8jm9tUmKwcsUowyUeE4WqbHMqecVTnfsqD7O9vjxsHwgfBa9iypEUMwDxnvkjq-gPWg.QIM17dm4JsFKDuVAux49VUuI6spIrWQMyjblmBzCgZ0&dib_tag=se&m=A9CE3IN6HXXI1&marketplaceID=A2Q3Y263D00KWC&qid=1722314075&s=merchant-items&sr=1-15
SPRAY TEXTURIZADOR LISO COM ONDAS 200ML,75 avaliações de clientes,Comparar outras 5 ofertas a partir de,"35,90",https://www.amazon.com.br/SPRAY-TEXTURIZADOR-LISO-ONDAS-200ML/dp/B0BYB41T38/ref=sr_1_16?dib=eyJ2IjoiMSJ9.CupX6FiKlN0SSZ7kHpw1qoP5GtEbIwl8sK-26oBJHzlM4IRI7vqIdpB3A4KaMKNYpk6Vt7HF1q2-D4mEw-v3taF_EIrKVZQJgcGRMj-kpT2YLSM6BIDNeblVpoYygMBYpOars-L0dATJm7Pn_q82hInlYSGL73WIku-8punQ8jm9tUmKwcsUowyUeE4WqbHMqecVTnfsqD7O9vjxsHwgfBa9iypEUMwDxnvkjq-gPWg.QIM17dm4JsFKDuVAux49VUuI6spIrWQMyjblmBzCgZ0&dib_tag=se&m=A9CE3IN6HXXI1&marketplaceID=A2Q3Y263D00KWC&qid=1722314075&s=merchant-items&sr=1-16
Eudora Siàge Pro Cronology Máscara de Hidratação 250g,32 avaliações de clientes,Comparar outras 18 ofertas a partir de,"84,08",https://www.amazon.com.br/Eudora-Si%C3%A0ge-Cronology-M%C3%A1scara-Hidrata%C3%A7%C3%A3o/dp/B0CJFZ14JZ/ref=sr_1_17?dib=eyJ2IjoiMSJ9.8lIDy11RkPny247gxnvC9cRDx2MQlnLDnM9jOCMZFddiuVN3Qt5_mjdoSTwaHg74B7ST5jvUSosHQlZ7hShf6SCjQisqmmlXpCnW-YndZA7d7N2o6oI39cxzbu_4TS4irkMWiM0s46o7eG4tjoBojI7G1xsqi7oEJov0Ng7xzJs4FttkxA7Tb6LibhsyNKnUPYTpU_47T3p-IrigdrWqcmJW_XYF95NDc91hRqbwcgM.OWkb2PYDg9gsKs2RA4C60c__c4zE4nPmJa0RhgMH5OE&dib_tag=se&m=A9CE3IN6HXXI1&marketplaceID=A2Q3Y263D00KWC&qid=1722314170&s=merchant-items&sr=1-17
Eudora Club 6 Exclusive Desodorante Colônia 95ml,182 avaliações de clientes,Comparar outras 25 ofertas a partir de,"119,00",https://www.amazon.com.br/Eudora-Club-Exclusive-Desodorante-Col%C3%B4nia/dp/B0BPZXG8S4/ref=sr_1_18?dib=eyJ2IjoiMSJ9.8lIDy11RkPny247gxnvC9cRDx2MQlnLDnM9jOCMZFddiuVN3Qt5_mjdoSTwaHg74B7ST5jvUSosHQlZ7hShf6SCjQisqmmlXpCnW-YndZA7d7N2o6oI39cxzbu_4TS4irkMWiM0s46o7eG4tjoBojI7G1xsqi7oEJov0Ng7xzJs4FttkxA7Tb6LibhsyNKnUPYTpU_47T3p-IrigdrWqcmJW_XYF95NDc91hRqbwcgM.OWkb2PYDg9gsKs2RA4C60c__c4zE4nPmJa0RhgMH5OE&dib_tag=se&m=A9CE3IN6HXXI1&marketplaceID=A2Q3Y263D00KWC&qid=1722314170&s=merchant-items&sr=1-18&ufe=app_do%3Aamzn1.fos.6d798eae-cadf-45de-946a-f477d47705b9
"Ativador e Modelador Anti Frizz Cachos 500g, Apse Cosmetics",1.316 avaliações de clientes,Comparar outras 17 ofertas a partir de,"49,99",https://www.amazon.com.br/M%C3%A1scara-Capilar-Hidratante-Apse-Cosmetics/dp/B07XSKRFCV/ref=sr_1_19?dib=eyJ2IjoiMSJ9.8lIDy11RkPny247gxnvC9cRDx2MQlnLDnM9jOCMZFddiuVN3Qt5_mjdoSTwaHg74B7ST5jvUSosHQlZ7hShf6SCjQisqmmlXpCnW-YndZA7d7N2o6oI39cxzbu_4TS4irkMWiM0s46o7eG4tjoBojI7G1xsqi7oEJov0Ng7xzJs4FttkxA7Tb6LibhsyNKnUPYTpU_47T3p-IrigdrWqcmJW_XYF95NDc91hRqbwcgM.OWkb2PYDg9gsKs2RA4C60c__c4zE4nPmJa0RhgMH5OE&dib_tag=se&m=A9CE3IN6HXXI1&marketplaceID=A2Q3Y263D00KWC&qid=1722314170&s=merchant-items&sr=1-19
Eudora Siàge Hair-Plastia Condicionador 200ml,423 avaliações de clientes,Comparar outras 49 ofertas a partir de,"49,90",https://www.amazon.com.br/Eudora-Si%C3%A0ge-Condicionador-Hair-Plastia-200Ml/dp/B09JCML5J9/ref=sr_1_20?dib=eyJ2IjoiMSJ9.8lIDy11RkPny247gxnvC9cRDx2MQlnLDnM9jOCMZFddiuVN3Qt5_mjdoSTwaHg74B7ST5jvUSosHQlZ7hShf6SCjQisqmmlXpCnW-YndZA7d7N2o6oI39cxzbu_4TS4irkMWiM0s46o7eG4tjoBojI7G1xsqi7oEJov0Ng7xzJs4FttkxA7Tb6LibhsyNKnUPYTpU_47T3p-IrigdrWqcmJW_XYF95NDc91hRqbwcgM.OWkb2PYDg9gsKs2RA4C60c__c4zE4nPmJa0RhgMH5OE&dib_tag=se&m=A9CE3IN6HXXI1&marketplaceID=A2Q3Y263D00KWC&qid=1722314170&s=merchant-items&sr=1-20
Eudora Kit Siàge Pro Cronology: Shampoo 250ml + Condicionador 200ml,50 avaliações de clientes,Comparar outras 34 ofertas a partir de,"89,89",https://www.amazon.com.br/Eudora-Kit-Si%C3%A0ge-Cronology-Condicionador/dp/B0CJFZ918G/ref=sr_1_21?dib=eyJ2IjoiMSJ9.8lIDy11RkPny247gxnvC9cRDx2MQlnLDnM9jOCMZFddiuVN3Qt5_mjdoSTwaHg74B7ST5jvUSosHQlZ7hShf6SCjQisqmmlXpCnW-YndZA7d7N2o6oI39cxzbu_4TS4irkMWiM0s46o7eG4tjoBojI7G1xsqi7oEJov0Ng7xzJs4FttkxA7Tb6LibhsyNKnUPYTpU_47T3p-IrigdrWqcmJW_XYF95NDc91hRqbwcgM.OWkb2PYDg9gsKs2RA4C60c__c4zE4nPmJa0RhgMH5OE&dib_tag=se&m=A9CE3IN6HXXI1&marketplaceID=A2Q3Y263D00KWC&qid=1722314170&s=merchant-items&sr=1-21
"Amend, Máscara Realce da Cor Cobre Effect, , 300 G",2.034 avaliações de clientes,Comparar outras 23 ofertas a partir de,"69,00",https://www.amazon.com.br/M%C3%A1scara-Realce-Cobre-Effect-Amend/dp/B078B9RGHZ/ref=sr_1_22?dib=eyJ2IjoiMSJ9.8lIDy11RkPny247gxnvC9cRDx2MQlnLDnM9jOCMZFddiuVN3Qt5_mjdoSTwaHg74B7ST5jvUSosHQlZ7hShf6SCjQisqmmlXpCnW-YndZA7d7N2o6oI39cxzbu_4TS4irkMWiM0s46o7eG4tjoBojI7G1xsqi7oEJov0Ng7xzJs4FttkxA7Tb6LibhsyNKnUPYTpU_47T3p-IrigdrWqcmJW_XYF95NDc91hRqbwcgM.OWkb2PYDg9gsKs2RA4C60c__c4zE4nPmJa0RhgMH5OE&dib_tag=se&m=A9CE3IN6HXXI1&marketplaceID=A2Q3Y263D00KWC&qid=1722314170&s=merchant-items&sr=1-22&th=1
Kit Capilar Charmelle Babablu Tutti Frutti com 4 Itens (Shampoo e Condicionador e Mascara e Finalizador),,Comparar outras 10 ofertas a partir de,"35,82",https://www.amazon.com.br/Capilar-Charmelle-Babablu-Condicionador-Finalizador/dp/B0CZ4BHH68/ref=sr_1_23?dib=eyJ2IjoiMSJ9.8lIDy11RkPny247gxnvC9cRDx2MQlnLDnM9jOCMZFddiuVN3Qt5_mjdoSTwaHg74B7ST5jvUSosHQlZ7hShf6SCjQisqmmlXpCnW-YndZA7d7N2o6oI39cxzbu_4TS4irkMWiM0s46o7eG4tjoBojI7G1xsqi7oEJov0Ng7xzJs4FttkxA7Tb6LibhsyNKnUPYTpU_47T3p-IrigdrWqcmJW_XYF95NDc91hRqbwcgM.OWkb2PYDg9gsKs2RA4C60c__c4zE4nPmJa0RhgMH5OE&dib_tag=se&m=A9CE3IN6HXXI1&marketplaceID=A2Q3Y263D00KWC&qid=1722314170&s=merchant-items&sr=1-23
EUDORA SIÀGE SHAMPOO CICA-THERAPY 250ML,239 avaliações de clientes,Comparar outras 42 ofertas a partir de,"39,99",https://www.amazon.com.br/EUDORA-SI%C3%80GE-SHAMPOO-CICA-THERAPY-250ML/dp/B09RQ4DWRM/ref=sr_1_25?dib=eyJ2IjoiMSJ9.8lIDy11RkPny247gxnvC9cRDx2MQlnLDnM9jOCMZFddiuVN3Qt5_mjdoSTwaHg74B7ST5jvUSosHQlZ7hShf6SCjQisqmmlXpCnW-YndZA7d7N2o6oI39cxzbu_4TS4irkMWiM0s46o7eG4tjoBojI7G1xsqi7oEJov0Ng7xzJs4FttkxA7Tb6LibhsyNKnUPYTpU_47T3p-IrigdrWqcmJW_XYF95NDc91hRqbwcgM.OWkb2PYDg9gsKs2RA4C60c__c4zE4nPmJa0RhgMH5OE&dib_tag=se&m=A9CE3IN6HXXI1&marketplaceID=A2Q3Y263D00KWC&qid=1722314170&s=merchant-items&sr=1-25
INOAR LISO MAGICO MASCARA 250G,186 avaliações de clientes,Comparar outras 6 ofertas a partir de,"34,90",https://www.amazon.com.br/INOAR-LISO-MAGICO-MASCARA-250G/dp/B0BGML55BL/ref=sr_1_26?dib=eyJ2IjoiMSJ9.8lIDy11RkPny247gxnvC9cRDx2MQlnLDnM9jOCMZFddiuVN3Qt5_mjdoSTwaHg74B7ST5jvUSosHQlZ7hShf6SCjQisqmmlXpCnW-YndZA7d7N2o6oI39cxzbu_4TS4irkMWiM0s46o7eG4tjoBojI7G1xsqi7oEJov0Ng7xzJs4FttkxA7Tb6LibhsyNKnUPYTpU_47T3p-IrigdrWqcmJW_XYF95NDc91hRqbwcgM.OWkb2PYDg9gsKs2RA4C60c__c4zE4nPmJa0RhgMH5OE&dib_tag=se&m=A9CE3IN6HXXI1&marketplaceID=A2Q3Y263D00KWC&qid=1722314170&s=merchant-items&sr=1-26
Eudora Kit Siàge Hair Plastia Shampoo + Condicionador,342 avaliações de clientes,Comparar outras 47 ofertas a partir de,"84,90",https://www.amazon.com.br/Combo-Si%C3%A0ge-Plastia-Shampoo-Condicionador/dp/B09HW73TRV/ref=sr_1_27?dib=eyJ2IjoiMSJ9.8lIDy11RkPny247gxnvC9cRDx2MQlnLDnM9jOCMZFddiuVN3Qt5_mjdoSTwaHg74B7ST5jvUSosHQlZ7hShf6SCjQisqmmlXpCnW-YndZA7d7N2o6oI39cxzbu_4TS4irkMWiM0s46o7eG4tjoBojI7G1xsqi7oEJov0Ng7xzJs4FttkxA7Tb6LibhsyNKnUPYTpU_47T3p-IrigdrWqcmJW_XYF95NDc91hRqbwcgM.OWkb2PYDg9gsKs2RA4C60c__c4zE4nPmJa0RhgMH5OE&dib_tag=se&m=A9CE3IN6HXXI1&marketplaceID=A2Q3Y263D00KWC&qid=1722314170&s=merchant-items&sr=1-27
Amend Oleo Moringa Millenar 60ml,27 avaliações de clientes,Comparar outras 12 ofertas a partir de,"54,10",https://www.amazon.com.br/Amend-Oleo-Moringa-Millenar-60ml/dp/B0BNLY1LM5/ref=sr_1_28?dib=eyJ2IjoiMSJ9.8lIDy11RkPny247gxnvC9cRDx2MQlnLDnM9jOCMZFddiuVN3Qt5_mjdoSTwaHg74B7ST5jvUSosHQlZ7hShf6SCjQisqmmlXpCnW-YndZA7d7N2o6oI39cxzbu_4TS4irkMWiM0s46o7eG4tjoBojI7G1xsqi7oEJov0Ng7xzJs4FttkxA7Tb6LibhsyNKnUPYTpU_47T3p-IrigdrWqcmJW_XYF95NDc91hRqbwcgM.OWkb2PYDg9gsKs2RA4C60c__c4zE4nPmJa0RhgMH5OE&dib_tag=se&m=A9CE3IN6HXXI1&marketplaceID=A2Q3Y263D00KWC&qid=1722314170&s=merchant-items&sr=1-28
"#Bombar Crescimento Capilar Kit Shampoo e Condicionador 2x1L, Inoar",8.754 avaliações de clientes,Comparar outras 9 ofertas a partir de,"78,50",https://www.amazon.com.br/Shampoo-Condicionador-Crescimento-Capilar-Inoar/dp/B077BWZLRM/ref=sr_1_29?dib=eyJ2IjoiMSJ9.8lIDy11RkPny247gxnvC9cRDx2MQlnLDnM9jOCMZFddiuVN3Qt5_mjdoSTwaHg74B7ST5jvUSosHQlZ7hShf6SCjQisqmmlXpCnW-YndZA7d7N2o6oI39cxzbu_4TS4irkMWiM0s46o7eG4tjoBojI7G1xsqi7oEJov0Ng7xzJs4FttkxA7Tb6LibhsyNKnUPYTpU_47T3p-IrigdrWqcmJW_XYF95NDc91hRqbwcgM.OWkb2PYDg9gsKs2RA4C60c__c4zE4nPmJa0RhgMH5OE&dib_tag=se&m=A9CE3IN6HXXI1&marketplaceID=A2Q3Y263D00KWC&qid=1722314170&s=merchant-items&sr=1-29
Siàge Leave In Capilar Concentrado Cica-Therapy 100Ml,37 avaliações de clientes,Comparar outras 37 ofertas a partir de,"47,88",https://www.amazon.com.br/Si%C3%A0ge-Leave-Capilar-Concentrado-Cica-Therapy/dp/B09RQ5R9WC/ref=sr_1_30?dib=eyJ2IjoiMSJ9.8lIDy11RkPny247gxnvC9cRDx2MQlnLDnM9jOCMZFddiuVN3Qt5_mjdoSTwaHg74B7ST5jvUSosHQlZ7hShf6SCjQisqmmlXpCnW-YndZA7d7N2o6oI39cxzbu_4TS4irkMWiM0s46o7eG4tjoBojI7G1xsqi7oEJov0Ng7xzJs4FttkxA7Tb6LibhsyNKnUPYTpU_47T3p-IrigdrWqcmJW_XYF95NDc91hRqbwcgM.OWkb2PYDg9gsKs2RA4C60c__c4zE4nPmJa0RhgMH5OE&dib_tag=se&m=A9CE3IN6HXXI1&marketplaceID=A2Q3Y263D00KWC&qid=1722314170&s=merchant-items&sr=1-30
"Inoar Kit Shampoo e Condicionador Argan Oil Hidratante 1000 Ml, Inoar",6.008 avaliações de clientes,Comparar outras 15 ofertas a partir de,"99,99",https://www.amazon.com.br/Shampoo-Condicionador-Argan-Hidratante-Inoar/dp/B077BY5PQL/ref=sr_1_31?dib=eyJ2IjoiMSJ9.8lIDy11RkPny247gxnvC9cRDx2MQlnLDnM9jOCMZFddiuVN3Qt5_mjdoSTwaHg74B7ST5jvUSosHQlZ7hShf6SCjQisqmmlXpCnW-YndZA7d7N2o6oI39cxzbu_4TS4irkMWiM0s46o7eG4tjoBojI7G1xsqi7oEJov0Ng7xzJs4FttkxA7Tb6LibhsyNKnUPYTpU_47T3p-IrigdrWqcmJW_XYF95NDc91hRqbwcgM.OWkb2PYDg9gsKs2RA4C60c__c4zE4nPmJa0RhgMH5OE&dib_tag=se&m=A9CE3IN6HXXI1&marketplaceID=A2Q3Y263D00KWC&qid=1722314170&s=merchant-items&sr=1-31&th=1
"Inoar Thermoliss Bals Defrizante Argan 240Ml, Inoar",1.101 avaliações de clientes,Comparar outras 11 ofertas a partir de,"47,50",https://www.amazon.com.br/Thermoliss-Defrizante-Termoativado-240ml-Inoar/dp/B07CN25B9M/ref=sr_1_32?dib=eyJ2IjoiMSJ9.8lIDy11RkPny247gxnvC9cRDx2MQlnLDnM9jOCMZFddiuVN3Qt5_mjdoSTwaHg74B7ST5jvUSosHQlZ7hShf6SCjQisqmmlXpCnW-YndZA7d7N2o6oI39cxzbu_4TS4irkMWiM0s46o7eG4tjoBojI7G1xsqi7oEJov0Ng7xzJs4FttkxA7Tb6LibhsyNKnUPYTpU_47T3p-IrigdrWqcmJW_XYF95NDc91hRqbwcgM.OWkb2PYDg9gsKs2RA4C60c__c4zE4nPmJa0RhgMH5OE&dib_tag=se&m=A9CE3IN6HXXI1&marketplaceID=A2Q3Y263D00KWC&qid=1722314170&s=merchant-items&sr=1-32
Eudora Colônia Desodorante H Acqua 100ml,19 avaliações de clientes,Comparar outras 6 ofertas a partir de,"78,99",https://www.amazon.com.br/Eudora-H-Acqua-100/dp/B082FF7R63/ref=sr_1_43?dib=eyJ2IjoiMSJ9.pgrk_0BdyFf5tnL5ByPGCfnEKrrH7k7SoHQqTDcPlyKXCFIxgpyp3oyyMVeR6G-st3e_Xp_vvv_yWnv6k5mvaCoFZ_8kNjgoNNYaKNDHrC8LVkl0ntuckeqKy86ax75HzjZDf1IE8IxBk-I0uaKXL8xrupRpaCONeadJ2yEl0QFGeIGbIT8I_5jiUe8frD341FTCmiKJ2YEGed_cOGlWiE56LJ9qxN-DXD1Nc6P2-Yk.V3INLs4ty5myNukRuW_WSa_I-HZXiizbHqgq4HMyxdk&dib_tag=se&m=A9CE3IN6HXXI1&marketplaceID=A2Q3Y263D00KWC&qid=1722314272&s=merchant-items&sr=1-43
Eudora Soul Bomb Volumaço Máscara de Cílios 10g,28 avaliações de clientes,Comparar outras 25 ofertas a partir de,"32,90",https://www.amazon.com.br/M%C3%A1scara-C%C3%ADlios-Bomb-Voluma%C3%A7o-Soul/dp/B0B2KVZHMZ/ref=sr_1_44?dib=eyJ2IjoiMSJ9.pgrk_0BdyFf5tnL5ByPGCfnEKrrH7k7SoHQqTDcPlyKXCFIxgpyp3oyyMVeR6G-st3e_Xp_vvv_yWnv6k5mvaCoFZ_8kNjgoNNYaKNDHrC8LVkl0ntuckeqKy86ax75HzjZDf1IE8IxBk-I0uaKXL8xrupRpaCONeadJ2yEl0QFGeIGbIT8I_5jiUe8frD341FTCmiKJ2YEGed_cOGlWiE56LJ9qxN-DXD1Nc6P2-Yk.V3INLs4ty5myNukRuW_WSa_I-HZXiizbHqgq4HMyxdk&dib_tag=se&m=A9CE3IN6HXXI1&marketplaceID=A2Q3Y263D00KWC&qid=1722314272&s=merchant-items&sr=1-44
Shampoo Amend Expertise Realce da Cor Cobre Effect 250ml,428 avaliações de clientes,Comparar outras 22 ofertas a partir de,"54,90",https://www.amazon.com.br/Shampoo-Realce-Cobre-Effect-Amend/dp/B077C31TT1/ref=sr_1_45?dib=eyJ2IjoiMSJ9.pgrk_0BdyFf5tnL5ByPGCfnEKrrH7k7SoHQqTDcPlyKXCFIxgpyp3oyyMVeR6G-st3e_Xp_vvv_yWnv6k5mvaCoFZ_8kNjgoNNYaKNDHrC8LVkl0ntuckeqKy86ax75HzjZDf1IE8IxBk-I0uaKXL8xrupRpaCONeadJ2yEl0QFGeIGbIT8I_5jiUe8frD341FTCmiKJ2YEGed_cOGlWiE56LJ9qxN-DXD1Nc6P2-Yk.V3INLs4ty5myNukRuW_WSa_I-HZXiizbHqgq4HMyxdk&dib_tag=se&m=A9CE3IN6HXXI1&marketplaceID=A2Q3Y263D00KWC&qid=1722314272&s=merchant-items&sr=1-45&th=1
Eudora Siàge Cauterização dos Lisos Máscara Capilar 250g,43 avaliações de clientes,Comparar outras 51 ofertas a partir de,"77,57",https://www.amazon.com.br/Eudora-Si%C3%A0ge-Cauteriza%C3%A7%C3%A3o-M%C3%A1scara-Capilar/dp/B0C5P3F1NJ/ref=sr_1_46?dib=eyJ2IjoiMSJ9.pgrk_0BdyFf5tnL5ByPGCfnEKrrH7k7SoHQqTDcPlyKXCFIxgpyp3oyyMVeR6G-st3e_Xp_vvv_yWnv6k5mvaCoFZ_8kNjgoNNYaKNDHrC8LVkl0ntuckeqKy86ax75HzjZDf1IE8IxBk-I0uaKXL8xrupRpaCONeadJ2yEl0QFGeIGbIT8I_5jiUe8frD341FTCmiKJ2YEGed_cOGlWiE56LJ9qxN-DXD1Nc6P2-Yk.V3INLs4ty5myNukRuW_WSa_I-HZXiizbHqgq4HMyxdk&dib_tag=se&m=A9CE3IN6HXXI1&marketplaceID=A2Q3Y263D00KWC&qid=1722314272&s=merchant-items&sr=1-46
INOAR Kit Shampoo + Condicionador 1 litro Resistance Bambu,3.642 avaliações de clientes,Comparar outras 13 ofertas a partir de,"74,90",https://www.amazon.com.br/Inoar-Rsistance-Fibra-Bambu-Condicionador/dp/B07P54QLJB/ref=sr_1_47?dib=eyJ2IjoiMSJ9.pgrk_0BdyFf5tnL5ByPGCfnEKrrH7k7SoHQqTDcPlyKXCFIxgpyp3oyyMVeR6G-st3e_Xp_vvv_yWnv6k5mvaCoFZ_8kNjgoNNYaKNDHrC8LVkl0ntuckeqKy86ax75HzjZDf1IE8IxBk-I0uaKXL8xrupRpaCONeadJ2yEl0QFGeIGbIT8I_5jiUe8frD341FTCmiKJ2YEGed_cOGlWiE56LJ9qxN-DXD1Nc6P2-Yk.V3INLs4ty5myNukRuW_WSa_I-HZXiizbHqgq4HMyxdk&dib_tag=se&m=A9CE3IN6HXXI1&marketplaceID=A2Q3Y263D00KWC&qid=1722314272&s=merchant-items&sr=1-47
Eudora Kit Siàge Resgate Imediato (4 itens),2 avaliações de clientes,Comparar outras 27 ofertas a partir de,"189,80",https://www.amazon.com.br/Eudora-Si%C3%A0ge-Resgate-Imediato-itens/dp/B0D47XL34B/ref=sr_1_48?dib=eyJ2IjoiMSJ9.pgrk_0BdyFf5tnL5ByPGCfnEKrrH7k7SoHQqTDcPlyKXCFIxgpyp3oyyMVeR6G-st3e_Xp_vvv_yWnv6k5mvaCoFZ_8kNjgoNNYaKNDHrC8LVkl0ntuckeqKy86ax75HzjZDf1IE8IxBk-I0uaKXL8xrupRpaCONeadJ2yEl0QFGeIGbIT8I_5jiUe8frD341FTCmiKJ2YEGed_cOGlWiE56LJ9qxN-DXD1Nc6P2-Yk.V3INLs4ty5myNukRuW_WSa_I-HZXiizbHqgq4HMyxdk&dib_tag=se&m=A9CE3IN6HXXI1&marketplaceID=A2Q3Y263D00KWC&qid=1722314272&s=merchant-items&sr=1-48&ufe=app_do%3Aamzn1.fos.a492fd4a-f54d-4e8d-8c31-35e0a04ce61e
Eudora Siàge Pro Cronology Máscara de Hidratação 250g,32 avaliações de clientes,Comparar outras 18 ofertas a partir de,"84,08",https://www.amazon.com.br/Eudora-Si%C3%A0ge-Cronology-M%C3%A1scara-Hidrata%C3%A7%C3%A3o/dp/B0CJFZ14JZ/ref=sr_1_17?dib=eyJ2IjoiMSJ9.8lIDy11RkPny247gxnvC9cRDx2MQlnLDnM9jOCMZFddiuVN3Qt5_mjdoSTwaHg74B7ST5jvUSosHQlZ7hShf6SCjQisqmmlXpCnW-YndZA7d7N2o6oI39cxzbu_4TS4irkMWiM0s46o7eG4tjoBojI7G1xsqi7oEJov0Ng7xzJs4FttkxA7Tb6LibhsyNKnUPYTpU_47T3p-IrigdrWqcmJW_XYF95NDc91hRqbwcgM.OWkb2PYDg9gsKs2RA4C60c__c4zE4nPmJa0RhgMH5OE&dib_tag=se&m=A9CE3IN6HXXI1&marketplaceID=A2Q3Y263D00KWC&qid=1722314314&s=merchant-items&sr=1-17
Eudora Club 6 Exclusive Desodorante Colônia 95ml,182 avaliações de clientes,Comparar outras 25 ofertas a partir de,"119,00",https://www.amazon.com.br/Eudora-Club-Exclusive-Desodorante-Col%C3%B4nia/dp/B0BPZXG8S4/ref=sr_1_18?dib=eyJ2IjoiMSJ9.8lIDy11RkPny247gxnvC9cRDx2MQlnLDnM9jOCMZFddiuVN3Qt5_mjdoSTwaHg74B7ST5jvUSosHQlZ7hShf6SCjQisqmmlXpCnW-YndZA7d7N2o6oI39cxzbu_4TS4irkMWiM0s46o7eG4tjoBojI7G1xsqi7oEJov0Ng7xzJs4FttkxA7Tb6LibhsyNKnUPYTpU_47T3p-IrigdrWqcmJW_XYF95NDc91hRqbwcgM.OWkb2PYDg9gsKs2RA4C60c__c4zE4nPmJa0RhgMH5OE&dib_tag=se&m=A9CE3IN6HXXI1&marketplaceID=A2Q3Y263D00KWC&qid=1722314314&s=merchant-items&sr=1-18&ufe=app_do%3Aamzn1.fos.6d798eae-cadf-45de-946a-f477d47705b9
"Ativador e Modelador Anti Frizz Cachos 500g, Apse Cosmetics",1.316 avaliações de clientes,Comparar outras 17 ofertas a partir de,"49,99",https://www.amazon.com.br/M%C3%A1scara-Capilar-Hidratante-Apse-Cosmetics/dp/B07XSKRFCV/ref=sr_1_19?dib=eyJ2IjoiMSJ9.8lIDy11RkPny247gxnvC9cRDx2MQlnLDnM9jOCMZFddiuVN3Qt5_mjdoSTwaHg74B7ST5jvUSosHQlZ7hShf6SCjQisqmmlXpCnW-YndZA7d7N2o6oI39cxzbu_4TS4irkMWiM0s46o7eG4tjoBojI7G1xsqi7oEJov0Ng7xzJs4FttkxA7Tb6LibhsyNKnUPYTpU_47T3p-IrigdrWqcmJW_XYF95NDc91hRqbwcgM.OWkb2PYDg9gsKs2RA4C60c__c4zE4nPmJa0RhgMH5OE&dib_tag=se&m=A9CE3IN6HXXI1&marketplaceID=A2Q3Y263D00KWC&qid=1722314314&s=merchant-items&sr=1-19
Eudora Siàge Hair-Plastia Condicionador 200ml,423 avaliações de clientes,Comparar outras 49 ofertas a partir de,"49,90",https://www.amazon.com.br/Eudora-Si%C3%A0ge-Condicionador-Hair-Plastia-200Ml/dp/B09JCML5J9/ref=sr_1_20?dib=eyJ2IjoiMSJ9.8lIDy11RkPny247gxnvC9cRDx2MQlnLDnM9jOCMZFddiuVN3Qt5_mjdoSTwaHg74B7ST5jvUSosHQlZ7hShf6SCjQisqmmlXpCnW-YndZA7d7N2o6oI39cxzbu_4TS4irkMWiM0s46o7eG4tjoBojI7G1xsqi7oEJov0Ng7xzJs4FttkxA7Tb6LibhsyNKnUPYTpU_47T3p-IrigdrWqcmJW_XYF95NDc91hRqbwcgM.OWkb2PYDg9gsKs2RA4C60c__c4zE4nPmJa0RhgMH5OE&dib_tag=se&m=A9CE3IN6HXXI1&marketplaceID=A2Q3Y263D00KWC&qid=1722314314&s=merchant-items&sr=1-20
Eudora Kit Siàge Pro Cronology: Shampoo 250ml + Condicionador 200ml,50 avaliações de clientes,Comparar outras 34 ofertas a partir de,"89,89",https://www.amazon.com.br/Eudora-Kit-Si%C3%A0ge-Cronology-Condicionador/dp/B0CJFZ918G/ref=sr_1_21?dib=eyJ2IjoiMSJ9.8lIDy11RkPny247gxnvC9cRDx2MQlnLDnM9jOCMZFddiuVN3Qt5_mjdoSTwaHg74B7ST5jvUSosHQlZ7hShf6SCjQisqmmlXpCnW-YndZA7d7N2o6oI39cxzbu_4TS4irkMWiM0s46o7eG4tjoBojI7G1xsqi7oEJov0Ng7xzJs4FttkxA7Tb6LibhsyNKnUPYTpU_47T3p-IrigdrWqcmJW_XYF95NDc91hRqbwcgM.OWkb2PYDg9gsKs2RA4C60c__c4zE4nPmJa0RhgMH5OE&dib_tag=se&m=A9CE3IN6HXXI1&marketplaceID=A2Q3Y263D00KWC&qid=1722314314&s=merchant-items&sr=1-21
"Amend, Máscara Realce da Cor Cobre Effect, , 300 G",2.034 avaliações de clientes,Comparar outras 23 ofertas a partir de,"69,00",https://www.amazon.com.br/M%C3%A1scara-Realce-Cobre-Effect-Amend/dp/B078B9RGHZ/ref=sr_1_22?dib=eyJ2IjoiMSJ9.8lIDy11RkPny247gxnvC9cRDx2MQlnLDnM9jOCMZFddiuVN3Qt5_mjdoSTwaHg74B7ST5jvUSosHQlZ7hShf6SCjQisqmmlXpCnW-YndZA7d7N2o6oI39cxzbu_4TS4irkMWiM0s46o7eG4tjoBojI7G1xsqi7oEJov0Ng7xzJs4FttkxA7Tb6LibhsyNKnUPYTpU_47T3p-IrigdrWqcmJW_XYF95NDc91hRqbwcgM.OWkb2PYDg9gsKs2RA4C60c__c4zE4nPmJa0RhgMH5OE&dib_tag=se&m=A9CE3IN6HXXI1&marketplaceID=A2Q3Y263D00KWC&qid=1722314314&s=merchant-items&sr=1-22&th=1
Kit Capilar Charmelle Babablu Tutti Frutti com 4 Itens (Shampoo e Condicionador e Mascara e Finalizador),,Comparar outras 10 ofertas a partir de,"35,82",https://www.amazon.com.br/Capilar-Charmelle-Babablu-Condicionador-Finalizador/dp/B0CZ4BHH68/ref=sr_1_23?dib=eyJ2IjoiMSJ9.8lIDy11RkPny247gxnvC9cRDx2MQlnLDnM9jOCMZFddiuVN3Qt5_mjdoSTwaHg74B7ST5jvUSosHQlZ7hShf6SCjQisqmmlXpCnW-YndZA7d7N2o6oI39cxzbu_4TS4irkMWiM0s46o7eG4tjoBojI7G1xsqi7oEJov0Ng7xzJs4FttkxA7Tb6LibhsyNKnUPYTpU_47T3p-IrigdrWqcmJW_XYF95NDc91hRqbwcgM.OWkb2PYDg9gsKs2RA4C60c__c4zE4nPmJa0RhgMH5OE&dib_tag=se&m=A9CE3IN6HXXI1&marketplaceID=A2Q3Y263D00KWC&qid=1722314314&s=merchant-items&sr=1-23
INOAR ATIVADOR DE CACHOS MEU CACHO MEU CRUSH 200ML,122 avaliações de clientes,Comparar outras 6 ofertas a partir de,"35,90",https://www.amazon.com.br/INOAR-ATIVADOR-CACHOS-CACHO-CRUSH/dp/B0BGMNCRVC/ref=sr_1_24?dib=eyJ2IjoiMSJ9.8lIDy11RkPny247gxnvC9cRDx2MQlnLDnM9jOCMZFddiuVN3Qt5_mjdoSTwaHg74B7ST5jvUSosHQlZ7hShf6SCjQisqmmlXpCnW-YndZA7d7N2o6oI39cxzbu_4TS4irkMWiM0s46o7eG4tjoBojI7G1xsqi7oEJov0Ng7xzJs4FttkxA7Tb6LibhsyNKnUPYTpU_47T3p-IrigdrWqcmJW_XYF95NDc91hRqbwcgM.OWkb2PYDg9gsKs2RA4C60c__c4zE4nPmJa0RhgMH5OE&dib_tag=se&m=A9CE3IN6HXXI1&marketplaceID=A2Q3Y263D00KWC&qid=1722314314&s=merchant-items&sr=1-24
EUDORA SIÀGE SHAMPOO CICA-THERAPY 250ML,239 avaliações de clientes,Comparar outras 42 ofertas a partir de,"39,99",https://www.amazon.com.br/EUDORA-SI%C3%80GE-SHAMPOO-CICA-THERAPY-250ML/dp/B09RQ4DWRM/ref=sr_1_25?dib=eyJ2IjoiMSJ9.8lIDy11RkPny247gxnvC9cRDx2MQlnLDnM9jOCMZFddiuVN3Qt5_mjdoSTwaHg74B7ST5jvUSosHQlZ7hShf6SCjQisqmmlXpCnW-YndZA7d7N2o6oI39cxzbu_4TS4irkMWiM0s46o7eG4tjoBojI7G1xsqi7oEJov0Ng7xzJs4FttkxA7Tb6LibhsyNKnUPYTpU_47T3p-IrigdrWqcmJW_XYF95NDc91hRqbwcgM.OWkb2PYDg9gsKs2RA4C60c__c4zE4nPmJa0RhgMH5OE&dib_tag=se&m=A9CE3IN6HXXI1&marketplaceID=A2Q3Y263D00KWC&qid=1722314314&s=merchant-items&sr=1-25
INOAR LISO MAGICO MASCARA 250G,186 avaliações de clientes,Comparar outras 6 ofertas a partir de,"34,90",https://www.amazon.com.br/INOAR-LISO-MAGICO-MASCARA-250G/dp/B0BGML55BL/ref=sr_1_26?dib=eyJ2IjoiMSJ9.8lIDy11RkPny247gxnvC9cRDx2MQlnLDnM9jOCMZFddiuVN3Qt5_mjdoSTwaHg74B7ST5jvUSosHQlZ7hShf6SCjQisqmmlXpCnW-YndZA7d7N2o6oI39cxzbu_4TS4irkMWiM0s46o7eG4tjoBojI7G1xsqi7oEJov0Ng7xzJs4FttkxA7Tb6LibhsyNKnUPYTpU_47T3p-IrigdrWqcmJW_XYF95NDc91hRqbwcgM.OWkb2PYDg9gsKs2RA4C60c__c4zE4nPmJa0RhgMH5OE&dib_tag=se&m=A9CE3IN6HXXI1&marketplaceID=A2Q3Y263D00KWC&qid=1722314314&s=merchant-items&sr=1-26
Eudora Kit Siàge Hair Plastia Shampoo + Condicionador,342 avaliações de clientes,Comparar outras 47 ofertas a partir de,"84,90",https://www.amazon.com.br/Combo-Si%C3%A0ge-Plastia-Shampoo-Condicionador/dp/B09HW73TRV/ref=sr_1_27?dib=eyJ2IjoiMSJ9.8lIDy11RkPny247gxnvC9cRDx2MQlnLDnM9jOCMZFddiuVN3Qt5_mjdoSTwaHg74B7ST5jvUSosHQlZ7hShf6SCjQisqmmlXpCnW-YndZA7d7N2o6oI39cxzbu_4TS4irkMWiM0s46o7eG4tjoBojI7G1xsqi7oEJov0Ng7xzJs4FttkxA7Tb6LibhsyNKnUPYTpU_47T3p-IrigdrWqcmJW_XYF95NDc91hRqbwcgM.OWkb2PYDg9gsKs2RA4C60c__c4zE4nPmJa0RhgMH5OE&dib_tag=se&m=A9CE3IN6HXXI1&marketplaceID=A2Q3Y263D00KWC&qid=1722314314&s=merchant-items&sr=1-27
Amend Oleo Moringa Millenar 60ml,27 avaliações de clientes,Comparar outras 12 ofertas a partir de,"54,10",https://www.amazon.com.br/Amend-Oleo-Moringa-Millenar-60ml/dp/B0BNLY1LM5/ref=sr_1_28?dib=eyJ2IjoiMSJ9.8lIDy11RkPny247gxnvC9cRDx2MQlnLDnM9jOCMZFddiuVN3Qt5_mjdoSTwaHg74B7ST5jvUSosHQlZ7hShf6SCjQisqmmlXpCnW-YndZA7d7N2o6oI39cxzbu_4TS4irkMWiM0s46o7eG4tjoBojI7G1xsqi7oEJov0Ng7xzJs4FttkxA7Tb6LibhsyNKnUPYTpU_47T3p-IrigdrWqcmJW_XYF95NDc91hRqbwcgM.OWkb2PYDg9gsKs2RA4C60c__c4zE4nPmJa0RhgMH5OE&dib_tag=se&m=A9CE3IN6HXXI1&marketplaceID=A2Q3Y263D00KWC&qid=1722314314&s=merchant-items&sr=1-28
"#Bombar Crescimento Capilar Kit Shampoo e Condicionador 2x1L, Inoar",8.754 avaliações de clientes,Comparar outras 9 ofertas a partir de,"78,50",https://www.amazon.com.br/Shampoo-Condicionador-Crescimento-Capilar-Inoar/dp/B077BWZLRM/ref=sr_1_29?dib=eyJ2IjoiMSJ9.8lIDy11RkPny247gxnvC9cRDx2MQlnLDnM9jOCMZFddiuVN3Qt5_mjdoSTwaHg74B7ST5jvUSosHQlZ7hShf6SCjQisqmmlXpCnW-YndZA7d7N2o6oI39cxzbu_4TS4irkMWiM0s46o7eG4tjoBojI7G1xsqi7oEJov0Ng7xzJs4FttkxA7Tb6LibhsyNKnUPYTpU_47T3p-IrigdrWqcmJW_XYF95NDc91hRqbwcgM.OWkb2PYDg9gsKs2RA4C60c__c4zE4nPmJa0RhgMH5OE&dib_tag=se&m=A9CE3IN6HXXI1&marketplaceID=A2Q3Y263D00KWC&qid=1722314314&s=merchant-items&sr=1-29
Siàge Leave In Capilar Concentrado Cica-Therapy 100Ml,37 avaliações de clientes,Comparar outras 37 ofertas a partir de,"47,88",https://www.amazon.com.br/Si%C3%A0ge-Leave-Capilar-Concentrado-Cica-Therapy/dp/B09RQ5R9WC/ref=sr_1_30?dib=eyJ2IjoiMSJ9.8lIDy11RkPny247gxnvC9cRDx2MQlnLDnM9jOCMZFddiuVN3Qt5_mjdoSTwaHg74B7ST5jvUSosHQlZ7hShf6SCjQisqmmlXpCnW-YndZA7d7N2o6oI39cxzbu_4TS4irkMWiM0s46o7eG4tjoBojI7G1xsqi7oEJov0Ng7xzJs4FttkxA7Tb6LibhsyNKnUPYTpU_47T3p-IrigdrWqcmJW_XYF95NDc91hRqbwcgM.OWkb2PYDg9gsKs2RA4C60c__c4zE4nPmJa0RhgMH5OE&dib_tag=se&m=A9CE3IN6HXXI1&marketplaceID=A2Q3Y263D00KWC&qid=1722314314&s=merchant-items&sr=1-30
"Inoar Kit Shampoo e Condicionador Argan Oil Hidratante 1000 Ml, Inoar",6.008 avaliações de clientes,Comparar outras 15 ofertas a partir de,"99,99",https://www.amazon.com.br/Shampoo-Condicionador-Argan-Hidratante-Inoar/dp/B077BY5PQL/ref=sr_1_31?dib=eyJ2IjoiMSJ9.8lIDy11RkPny247gxnvC9cRDx2MQlnLDnM9jOCMZFddiuVN3Qt5_mjdoSTwaHg74B7ST5jvUSosHQlZ7hShf6SCjQisqmmlXpCnW-YndZA7d7N2o6oI39cxzbu_4TS4irkMWiM0s46o7eG4tjoBojI7G1xsqi7oEJov0Ng7xzJs4FttkxA7Tb6LibhsyNKnUPYTpU_47T3p-IrigdrWqcmJW_XYF95NDc91hRqbwcgM.OWkb2PYDg9gsKs2RA4C60c__c4zE4nPmJa0RhgMH5OE&dib_tag=se&m=A9CE3IN6HXXI1&marketplaceID=A2Q3Y263D00KWC&qid=1722314314&s=merchant-items&sr=1-31&th=1
"Inoar Thermoliss Bals Defrizante Argan 240Ml, Inoar",1.101 avaliações de clientes,Comparar outras 11 ofertas a partir de,"47,50",https://www.amazon.com.br/Thermoliss-Defrizante-Termoativado-240ml-Inoar/dp/B07CN25B9M/ref=sr_1_32?dib=eyJ2IjoiMSJ9.8lIDy11RkPny247gxnvC9cRDx2MQlnLDnM9jOCMZFddiuVN3Qt5_mjdoSTwaHg74B7ST5jvUSosHQlZ7hShf6SCjQisqmmlXpCnW-YndZA7d7N2o6oI39cxzbu_4TS4irkMWiM0s46o7eG4tjoBojI7G1xsqi7oEJov0Ng7xzJs4FttkxA7Tb6LibhsyNKnUPYTpU_47T3p-IrigdrWqcmJW_XYF95NDc91hRqbwcgM.OWkb2PYDg9gsKs2RA4C60c__c4zE4nPmJa0RhgMH5OE&dib_tag=se&m=A9CE3IN6HXXI1&marketplaceID=A2Q3Y263D00KWC&qid=1722314314&s=merchant-items&sr=1-32
Coloração Amend Color Intensy 6.0 Louro Escuro 50g,726 avaliações de clientes,Comparar outras 14 ofertas a partir de,"29,99",https://www.amazon.com.br/Colora%C3%A7%C3%A3o-Louro-Escuro-Intensy-Amend/dp/B077C47VTZ/ref=sr_1_33?dib=eyJ2IjoiMSJ9.pgrk_0BdyFf5tnL5ByPGCfnEKrrH7k7SoHQqTDcPlyKXCFIxgpyp3oyyMVeR6G-st3e_Xp_vvv_yWnv6k5mvaCoFZ_8kNjgoNNYaKNDHrC8LVkl0ntuckeqKy86ax75HzjZDf1IE8IxBk-I0uaKXL8xrupRpaCONeadJ2yEl0QFGeIGbIT8I_5jiUe8frD341FTCmiKJ2YEGed_cOGlWiE56LJ9qxN-DXD1Nc6P2-Yk.V3INLs4ty5myNukRuW_WSa_I-HZXiizbHqgq4HMyxdk&dib_tag=se&m=A9CE3IN6HXXI1&marketplaceID=A2Q3Y263D00KWC&qid=1722314420&s=merchant-items&sr=1-33&th=1
"Gelatina Ativadora Umidificadora Cachos 300Ml, Apse Cosmetics",657 avaliações de clientes,Comparar outras 14 ofertas a partir de,"36,90",https://www.amazon.com.br/Gelatina-Cachos-Apse-Cosmetics-300ml/dp/B07XSG42TZ/ref=sr_1_34?dib=eyJ2IjoiMSJ9.pgrk_0BdyFf5tnL5ByPGCfnEKrrH7k7SoHQqTDcPlyKXCFIxgpyp3oyyMVeR6G-st3e_Xp_vvv_yWnv6k5mvaCoFZ_8kNjgoNNYaKNDHrC8LVkl0ntuckeqKy86ax75HzjZDf1IE8IxBk-I0uaKXL8xrupRpaCONeadJ2yEl0QFGeIGbIT8I_5jiUe8frD341FTCmiKJ2YEGed_cOGlWiE56LJ9qxN-DXD1Nc6P2-Yk.V3INLs4ty5myNukRuW_WSa_I-HZXiizbHqgq4HMyxdk&dib_tag=se&m=A9CE3IN6HXXI1&marketplaceID=A2Q3Y263D00KWC&qid=1722314420&s=merchant-items&sr=1-34&th=1
"Condicionador Realce da Cor Cobre Effect, Amend, 250 ml",170 avaliações de clientes,Comparar outras 19 ofertas a partir de,"48,72",https://www.amazon.com.br/Condicionador-Realce-Cobre-Effect-Amend/dp/B077C1DLWF/ref=sr_1_35?dib=eyJ2IjoiMSJ9.pgrk_0BdyFf5tnL5ByPGCfnEKrrH7k7SoHQqTDcPlyKXCFIxgpyp3oyyMVeR6G-st3e_Xp_vvv_yWnv6k5mvaCoFZ_8kNjgoNNYaKNDHrC8LVkl0ntuckeqKy86ax75HzjZDf1IE8IxBk-I0uaKXL8xrupRpaCONeadJ2yEl0QFGeIGbIT8I_5jiUe8frD341FTCmiKJ2YEGed_cOGlWiE56LJ9qxN-DXD1Nc6P2-Yk.V3INLs4ty5myNukRuW_WSa_I-HZXiizbHqgq4HMyxdk&dib_tag=se&m=A9CE3IN6HXXI1&marketplaceID=A2Q3Y263D00KWC&qid=1722314420&s=merchant-items&sr=1-35
Eudora Kit Siàge Pro Cronology: Shampoo 250ml + Condicionador 200ml + Kit Cronograma Capilar Acelerado,41 avaliações de clientes,Comparar outras 18 ofertas a partir de,"199,98",https://www.amazon.com.br/Eudora-Kit-Si%C3%A0ge-Cronology-Condicionador/dp/B0CJFYRS2R/ref=sr_1_36?dib=eyJ2IjoiMSJ9.pgrk_0BdyFf5tnL5ByPGCfnEKrrH7k7SoHQqTDcPlyKXCFIxgpyp3oyyMVeR6G-st3e_Xp_vvv_yWnv6k5mvaCoFZ_8kNjgoNNYaKNDHrC8LVkl0ntuckeqKy86ax75HzjZDf1IE8IxBk-I0uaKXL8xrupRpaCONeadJ2yEl0QFGeIGbIT8I_5jiUe8frD341FTCmiKJ2YEGed_cOGlWiE56LJ9qxN-DXD1Nc6P2-Yk.V3INLs4ty5myNukRuW_WSa_I-HZXiizbHqgq4HMyxdk&dib_tag=se&m=A9CE3IN6HXXI1&marketplaceID=A2Q3Y263D00KWC&qid=1722314420&s=merchant-items&sr=1-36&ufe=app_do%3Aamzn1.fos.6121c6c4-c969-43ae-92f7-cc248fc6181d
ZKMAGIC Máscara Matizadora Specialist Blonde Amend 300 G,3.571 avaliações de clientes,Comparar outras 14 ofertas a partir de,"49,99",https://www.amazon.com.br/M%C3%A1scara-Matizadora-Specialist-Blonde-Amend/dp/B077BY915Y/ref=sr_1_37?dib=eyJ2IjoiMSJ9.pgrk_0BdyFf5tnL5ByPGCfnEKrrH7k7SoHQqTDcPlyKXCFIxgpyp3oyyMVeR6G-st3e_Xp_vvv_yWnv6k5mvaCoFZ_8kNjgoNNYaKNDHrC8LVkl0ntuckeqKy86ax75HzjZDf1IE8IxBk-I0uaKXL8xrupRpaCONeadJ2yEl0QFGeIGbIT8I_5jiUe8frD341FTCmiKJ2YEGed_cOGlWiE56LJ9qxN-DXD1Nc6P2-Yk.V3INLs4ty5myNukRuW_WSa_I-HZXiizbHqgq4HMyxdk&dib_tag=se&m=A9CE3IN6HXXI1&marketplaceID=A2Q3Y263D00KWC&qid=1722314420&s=merchant-items&sr=1-37
Apse Africa Baobá Creme de Pentear 500 gr,79 avaliações de clientes,Comparar outras 14 ofertas a partir de,"46,06",https://www.amazon.com.br/Apse-Africa-Baob%C3%A1-Creme-Pentear/dp/B0C3DFQ7HQ/ref=sr_1_38?dib=eyJ2IjoiMSJ9.pgrk_0BdyFf5tnL5ByPGCfnEKrrH7k7SoHQqTDcPlyKXCFIxgpyp3oyyMVeR6G-st3e_Xp_vvv_yWnv6k5mvaCoFZ_8kNjgoNNYaKNDHrC8LVkl0ntuckeqKy86ax75HzjZDf1IE8IxBk-I0uaKXL8xrupRpaCONeadJ2yEl0QFGeIGbIT8I_5jiUe8frD341FTCmiKJ2YEGed_cOGlWiE56LJ9qxN-DXD1Nc6P2-Yk.V3INLs4ty5myNukRuW_WSa_I-HZXiizbHqgq4HMyxdk&dib_tag=se&m=A9CE3IN6HXXI1&marketplaceID=A2Q3Y263D00KWC&qid=1722314420&s=merchant-items&sr=1-38
EUDORA NIINA SKIN SERUM FIRMADOR LIFTING 30ml,,Comparar outras 4 ofertas a partir de,"95,99",https://www.amazon.com.br/EUDORA-NIINA-SERUM-FIRMADOR-LIFTING/dp/B0CYQJ43DV/ref=sr_1_39?dib=eyJ2IjoiMSJ9.pgrk_0BdyFf5tnL5ByPGCfnEKrrH7k7SoHQqTDcPlyKXCFIxgpyp3oyyMVeR6G-st3e_Xp_vvv_yWnv6k5mvaCoFZ_8kNjgoNNYaKNDHrC8LVkl0ntuckeqKy86ax75HzjZDf1IE8IxBk-I0uaKXL8xrupRpaCONeadJ2yEl0QFGeIGbIT8I_5jiUe8frD341FTCmiKJ2YEGed_cOGlWiE56LJ9qxN-DXD1Nc6P2-Yk.V3INLs4ty5myNukRuW_WSa_I-HZXiizbHqgq4HMyxdk&dib_tag=se&m=A9CE3IN6HXXI1&marketplaceID=A2Q3Y263D00KWC&qid=1722314420&s=merchant-items&sr=1-39
Eudora Kit Siàge Liso Intenso: Shampoo 250ml + Condicionador 200ml,56 avaliações de clientes,Comparar outras 24 ofertas a partir de,"78,80",https://www.amazon.com.br/Eudora-Si%C3%A0ge-Liso-Intenso-Condicionador/dp/B0CH91ZR7Z/ref=sr_1_40?dib=eyJ2IjoiMSJ9.pgrk_0BdyFf5tnL5ByPGCfnEKrrH7k7SoHQqTDcPlyKXCFIxgpyp3oyyMVeR6G-st3e_Xp_vvv_yWnv6k5mvaCoFZ_8kNjgoNNYaKNDHrC8LVkl0ntuckeqKy86ax75HzjZDf1IE8IxBk-I0uaKXL8xrupRpaCONeadJ2yEl0QFGeIGbIT8I_5jiUe8frD341FTCmiKJ2YEGed_cOGlWiE56LJ9qxN-DXD1Nc6P2-Yk.V3INLs4ty5myNukRuW_WSa_I-HZXiizbHqgq4HMyxdk&dib_tag=se&m=A9CE3IN6HXXI1&marketplaceID=A2Q3Y263D00KWC&qid=1722314420&s=merchant-items&sr=1-40
Eudora Kit Siàge Cauterização dos Lisos: Shampoo 250ml + Condicionador 200ml + Máscara Capilar 250g,51 avaliações de clientes,Comparar outras 24 ofertas a partir de,"145,00",https://www.amazon.com.br/Eudora-Si%C3%A0ge-Cauteriza%C3%A7%C3%A3o-Lisos-Condicionador/dp/B0C5NXCJWL/ref=sr_1_41?dib=eyJ2IjoiMSJ9.pgrk_0BdyFf5tnL5ByPGCfnEKrrH7k7SoHQqTDcPlyKXCFIxgpyp3oyyMVeR6G-st3e_Xp_vvv_yWnv6k5mvaCoFZ_8kNjgoNNYaKNDHrC8LVkl0ntuckeqKy86ax75HzjZDf1IE8IxBk-I0uaKXL8xrupRpaCONeadJ2yEl0QFGeIGbIT8I_5jiUe8frD341FTCmiKJ2YEGed_cOGlWiE56LJ9qxN-DXD1Nc6P2-Yk.V3INLs4ty5myNukRuW_WSa_I-HZXiizbHqgq4HMyxdk&dib_tag=se&m=A9CE3IN6HXXI1&marketplaceID=A2Q3Y263D00KWC&qid=1722314420&s=merchant-items&sr=1-41&ufe=app_do%3Aamzn1.fos.6d798eae-cadf-45de-946a-f477d47705b9
Eudora Kit Siàge Cauterização dos Lisos: Shampoo 250ml + Condicionador 200ml,61 avaliações de clientes,Comparar outras 36 ofertas a partir de,"86,40",https://www.amazon.com.br/Eudora-Si%C3%A0ge-Cauteriza%C3%A7%C3%A3o-Lisos-Condicionador/dp/B0C5NTTWFB/ref=sr_1_42?dib=eyJ2IjoiMSJ9.pgrk_0BdyFf5tnL5ByPGCfnEKrrH7k7SoHQqTDcPlyKXCFIxgpyp3oyyMVeR6G-st3e_Xp_vvv_yWnv6k5mvaCoFZ_8kNjgoNNYaKNDHrC8LVkl0ntuckeqKy86ax75HzjZDf1IE8IxBk-I0uaKXL8xrupRpaCONeadJ2yEl0QFGeIGbIT8I_5jiUe8frD341FTCmiKJ2YEGed_cOGlWiE56LJ9qxN-DXD1Nc6P2-Yk.V3INLs4ty5myNukRuW_WSa_I-HZXiizbHqgq4HMyxdk&dib_tag=se&m=A9CE3IN6HXXI1&marketplaceID=A2Q3Y263D00KWC&qid=1722314420&s=merchant-items&sr=1-42
Eudora Colônia Desodorante H Acqua 100ml,19 avaliações de clientes,Comparar outras 6 ofertas a partir de,"78,99",https://www.amazon.com.br/Eudora-H-Acqua-100/dp/B082FF7R63/ref=sr_1_43?dib=eyJ2IjoiMSJ9.pgrk_0BdyFf5tnL5ByPGCfnEKrrH7k7SoHQqTDcPlyKXCFIxgpyp3oyyMVeR6G-st3e_Xp_vvv_yWnv6k5mvaCoFZ_8kNjgoNNYaKNDHrC8LVkl0ntuckeqKy86ax75HzjZDf1IE8IxBk-I0uaKXL8xrupRpaCONeadJ2yEl0QFGeIGbIT8I_5jiUe8frD341FTCmiKJ2YEGed_cOGlWiE56LJ9qxN-DXD1Nc6P2-Yk.V3INLs4ty5myNukRuW_WSa_I-HZXiizbHqgq4HMyxdk&dib_tag=se&m=A9CE3IN6HXXI1&marketplaceID=A2Q3Y263D00KWC&qid=1722314420&s=merchant-items&sr=1-43
Eudora Soul Bomb Volumaço Máscara de Cílios 10g,28 avaliações de clientes,Comparar outras 25 ofertas a partir de,"32,90",https://www.amazon.com.br/M%C3%A1scara-C%C3%ADlios-Bomb-Voluma%C3%A7o-Soul/dp/B0B2KVZHMZ/ref=sr_1_44?dib=eyJ2IjoiMSJ9.pgrk_0BdyFf5tnL5ByPGCfnEKrrH7k7SoHQqTDcPlyKXCFIxgpyp3oyyMVeR6G-st3e_Xp_vvv_yWnv6k5mvaCoFZ_8kNjgoNNYaKNDHrC8LVkl0ntuckeqKy86ax75HzjZDf1IE8IxBk-I0uaKXL8xrupRpaCONeadJ2yEl0QFGeIGbIT8I_5jiUe8frD341FTCmiKJ2YEGed_cOGlWiE56LJ9qxN-DXD1Nc6P2-Yk.V3INLs4ty5myNukRuW_WSa_I-HZXiizbHqgq4HMyxdk&dib_tag=se&m=A9CE3IN6HXXI1&marketplaceID=A2Q3Y263D00KWC&qid=1722314420&s=merchant-items&sr=1-44
Shampoo Amend Expertise Realce da Cor Cobre Effect 250ml,428 avaliações de clientes,Comparar outras 22 ofertas a partir de,"54,90",https://www.amazon.com.br/Shampoo-Realce-Cobre-Effect-Amend/dp/B077C31TT1/ref=sr_1_45?dib=eyJ2IjoiMSJ9.pgrk_0BdyFf5tnL5ByPGCfnEKrrH7k7SoHQqTDcPlyKXCFIxgpyp3oyyMVeR6G-st3e_Xp_vvv_yWnv6k5mvaCoFZ_8kNjgoNNYaKNDHrC8LVkl0ntuckeqKy86ax75HzjZDf1IE8IxBk-I0uaKXL8xrupRpaCONeadJ2yEl0QFGeIGbIT8I_5jiUe8frD341FTCmiKJ2YEGed_cOGlWiE56LJ9qxN-DXD1Nc6P2-Yk.V3INLs4ty5myNukRuW_WSa_I-HZXiizbHqgq4HMyxdk&dib_tag=se&m=A9CE3IN6HXXI1&marketplaceID=A2Q3Y263D00KWC&qid=1722314420&s=merchant-items&sr=1-45&th=1
Eudora Siàge Cauterização dos Lisos Máscara Capilar 250g,43 avaliações de clientes,Comparar outras 51 ofertas a partir de,"77,57",https://www.amazon.com.br/Eudora-Si%C3%A0ge-Cauteriza%C3%A7%C3%A3o-M%C3%A1scara-Capilar/dp/B0C5P3F1NJ/ref=sr_1_46?dib=eyJ2IjoiMSJ9.pgrk_0BdyFf5tnL5ByPGCfnEKrrH7k7SoHQqTDcPlyKXCFIxgpyp3oyyMVeR6G-st3e_Xp_vvv_yWnv6k5mvaCoFZ_8kNjgoNNYaKNDHrC8LVkl0ntuckeqKy86ax75HzjZDf1IE8IxBk-I0uaKXL8xrupRpaCONeadJ2yEl0QFGeIGbIT8I_5jiUe8frD341FTCmiKJ2YEGed_cOGlWiE56LJ9qxN-DXD1Nc6P2-Yk.V3INLs4ty5myNukRuW_WSa_I-HZXiizbHqgq4HMyxdk&dib_tag=se&m=A9CE3IN6HXXI1&marketplaceID=A2Q3Y263D00KWC&qid=1722314420&s=merchant-items&sr=1-46
INOAR Kit Shampoo + Condicionador 1 litro Resistance Bambu,3.642 avaliações de clientes,Comparar outras 13 ofertas a partir de,"74,90",https://www.amazon.com.br/Inoar-Rsistance-Fibra-Bambu-Condicionador/dp/B07P54QLJB/ref=sr_1_47?dib=eyJ2IjoiMSJ9.pgrk_0BdyFf5tnL5ByPGCfnEKrrH7k7SoHQqTDcPlyKXCFIxgpyp3oyyMVeR6G-st3e_Xp_vvv_yWnv6k5mvaCoFZ_8kNjgoNNYaKNDHrC8LVkl0ntuckeqKy86ax75HzjZDf1IE8IxBk-I0uaKXL8xrupRpaCONeadJ2yEl0QFGeIGbIT8I_5jiUe8frD341FTCmiKJ2YEGed_cOGlWiE56LJ9qxN-DXD1Nc6P2-Yk.V3INLs4ty5myNukRuW_WSa_I-HZXiizbHqgq4HMyxdk&dib_tag=se&m=A9CE3IN6HXXI1&marketplaceID=A2Q3Y263D00KWC&qid=1722314420&s=merchant-items&sr=1-47
Eudora Kit Siàge Resgate Imediato (4 itens),2 avaliações de clientes,Comparar outras 27 ofertas a partir de,"189,80",https://www.amazon.com.br/Eudora-Si%C3%A0ge-Resgate-Imediato-itens/dp/B0D47XL34B/ref=sr_1_48?dib=eyJ2IjoiMSJ9.pgrk_0BdyFf5tnL5ByPGCfnEKrrH7k7SoHQqTDcPlyKXCFIxgpyp3oyyMVeR6G-st3e_Xp_vvv_yWnv6k5mvaCoFZ_8kNjgoNNYaKNDHrC8LVkl0ntuckeqKy86ax75HzjZDf1IE8IxBk-I0uaKXL8xrupRpaCONeadJ2yEl0QFGeIGbIT8I_5jiUe8frD341FTCmiKJ2YEGed_cOGlWiE56LJ9qxN-DXD1Nc6P2-Yk.V3INLs4ty5myNukRuW_WSa_I-HZXiizbHqgq4HMyxdk&dib_tag=se&m=A9CE3IN6HXXI1&marketplaceID=A2Q3Y263D00KWC&qid=1722314420&s=merchant-items&sr=1-48&ufe=app_do%3Aamzn1.fos.a492fd4a-f54d-4e8d-8c31-35e0a04ce61e
"Inoar Thermoliss Bals Defrizante Argan 240Ml, Inoar",1.101 avaliações de clientes,Comparar outras 11 ofertas a partir de,"47,50",https://www.amazon.com.br/Thermoliss-Defrizante-Termoativado-240ml-Inoar/dp/B07CN25B9M/ref=sr_1_32?dib=eyJ2IjoiMSJ9.8lIDy11RkPny247gxnvC9cRDx2MQlnLDnM9jOCMZFddiuVN3Qt5_mjdoSTwaHg74B7ST5jvUSosHQlZ7hShf6SCjQisqmmlXpCnW-YndZA7d7N2o6oI39cxzbu_4TS4irkMWiM0s46o7eG4tjoBojI7G1xsqi7oEJov0Ng7xzJs4FttkxA7Tb6LibhsyNKnUPYTpU_47T3p-IrigdrWqcmJW_XYF95NDc91hRqbwcgM.OWkb2PYDg9gsKs2RA4C60c__c4zE4nPmJa0RhgMH5OE&dib_tag=se&m=A9CE3IN6HXXI1&marketplaceID=A2Q3Y263D00KWC&qid=1722314527&s=merchant-items&sr=1-32
